protein,length,n_designs,overall_per_residue_recovery,overall_triplet_recovery,sequon_triplet_recovery,non_sequon_triplet_recovery
1DN2_A,442,32,,,,
2RN2_A,155,32,43.689516129032256,11.580882352941176,,11.580882352941176
1A8E_A,329,32,49.15463525835866,12.385321100917432,,12.385321100917432
3V83_A,4188,32,,,,
1HRP_A,237,32,,,,
1QFW_A,698,32,,,,
1GAL_A,583,32,,,,
3LPP_A,3592,32,,,,
1N8Z_A,1041,32,,,,
1BWI_A,129,32,49.51550387596899,10.9251968503937,,10.9251968503937
